timestamp,temp,humidity
2024-11-06 15:31:00, ['23.08', '66.00']
2024-11-06 15:32:00, ['22.58', '66.00']
2024-11-06 15:33:00, ['22.58', '66.00']
2024-11-06 15:34:00, ['23.10', '66.00']
2024-11-06 15:44:59, ['23.48', '65.00']
2024-11-06 15:45:04, ['23.70', '65.00']
2024-11-06 15:46:04, ['23.39', '65.00']
2024-11-06 15:46:35, ['23.48', '65.00']
2024-11-06 15:47:00, ['23.64', '65.00']
2024-11-06 15:48:00, ['23.64', '65.00']
2024-11-06 15:49:01, ['23.70', '64.00']
2024-11-06 15:50:02, ['23.70', '64.00']
2024-11-06 15:51:02, ['23.70', '64.00']
2024-11-06 15:52:02, ['23.70', '64.00']
2024-11-06 15:53:02, ['23.70', '64.00']
2024-11-06 15:54:03, ['23.70', '64.00']
2024-11-06 15:55:03, ['23.70', '64.00']
2024-11-06 15:56:03, ['23.79', '64.00']
2024-11-06 15:57:04, ['23.72', '65.00']
2024-11-06 15:58:00, ['23.75', '64.00']
2024-11-06 15:59:00, ['23.70', '64.00']
2024-11-06 16:00:00, ['23.70', '64.00']
2024-11-06 16:01:00, ['23.70', '64.00']
2024-11-06 16:02:52, ['23.84', '64.00']
2024-11-06 16:03:11, ['23.90', '63.00']
2024-11-06 16:04:01, ['23.70', '64.00']
2024-11-06 16:05:01, ['23.79', '64.00']
2024-11-06 16:06:02, ['23.72', '62.00']
2024-11-06 16:07:02, ['23.70', '62.00']
2024-11-06 16:08:03, ['23.70', '62.00']
2024-11-06 16:09:03, ['23.70', '62.00']
2024-11-06 16:10:03, ['23.81', '63.00']
2024-11-06 16:11:04, ['23.95', '63.00']
2024-11-06 16:12:04, ['23.99', '63.00']
2024-11-06 16:13:04, ['24.01', '63.00']
2024-11-06 16:14:00, ['24.49', '64.00']
2024-11-06 16:15:00, ['24.51', '64.00']
2024-11-06 16:16:00, ['24.51', '64.00']
2024-11-06 16:17:01, ['24.51', '64.00']
2024-11-06 16:18:02, ['24.51', '64.00']
2024-11-06 16:19:02, ['24.51', '64.00']
2024-11-06 16:20:03, ['24.51', '64.00']
2024-11-06 16:21:02, ['24.51', '64.00']
2024-11-06 16:22:03, ['24.56', '63.00']
2024-11-06 16:23:03, ['24.51', '63.00']
2024-11-06 16:24:11, ['24.51', '63.00']
2024-11-06 16:24:11, ['24.51', '63.00']
2024-11-06 16:24:11, ['24.51', '63.00']
2024-11-06 16:25:01, ['24.51', '63.00']
2024-11-06 16:26:01, ['24.51', '64.00']
2024-11-06 16:26:26, ['24.51', '64.00']
2024-11-06 16:27:01, ['24.51', '63.00']
2024-11-06 16:27:33, ['24.51', '63.00']
2024-11-06 16:27:33, ['24.51', '63.00']
1', '63.00']
2024-11-06 16:27:33, ['24.51', '63.00']
2024-11-06 16:28:04, ['24.51', '63.00']
2024-11-06 16:29:04, ['24.51', '63.00']
2024-11-06 16:29:39, ['24.51', '63.00']
]
2024-11-06 16:30:04, ['24.51', '63.00']
2024-11-06 16:31:04, ['24.51', '63.00']
2024-11-06 16:32:04, ['24.51', '63.00']
2024-11-06 16:33:04, ['24.51', '64.00']
2024-11-06 16:34:00, ['24.35', '59.00']
2024-11-06 16:35:00, ['23.70', '57.00']
2024-11-06 16:36:00, ['23.39', '56.00']
2024-11-06 16:37:01, ['23.39', '55.00']
2024-11-06 16:38:02, ['22.58', '55.00']
2024-11-06 16:39:02, ['22.58', '56.00']
2024-11-06 16:40:02, ['22.25', '56.00']
2024-11-06 16:41:02, ['22.27', '56.00']
2024-11-06 16:42:02, ['21.46', '56.00']
2024-11-06 16:43:02, ['21.46', '57.00']
2024-11-06 16:44:03, ['21.16', '56.00']
2024-11-06 16:45:03, ['21.18', '57.00']
2024-11-06 16:46:03, ['21.15', '56.00']
2024-11-06 16:47:03, ['21.15', '56.00']
2024-11-06 16:48:03, ['21.15', '56.00']
2024-11-06 16:49:03, ['21.12', '56.00']
2024-11-06 16:50:04, ['20.84', '56.00']
2024-11-06 16:51:04, ['20.84', '57.00']
2024-11-06 16:52:04, ['20.85', '57.00']
2024-11-06 16:53:00, ['20.84', '57.00']
2024-11-06 16:54:00, ['20.34', '57.00']
2024-11-06 16:55:00, ['20.34', '57.00']
2024-11-06 16:56:00, ['20.34', '57.00']
2024-11-06 16:57:00, ['20.34', '57.00']
2024-11-06 16:58:00, ['20.37', '58.00']
2024-11-06 16:59:00, ['21.15', '58.00']
2024-11-06 17:00:00, ['21.15', '58.00']
2024-11-06 17:01:00, ['21.29', '58.00']
2024-11-06 17:02:00, ['21.46', '58.00']
2024-11-06 17:03:01, ['21.46', '58.00']
2024-11-06 17:04:01, ['21.49', '58.00']
2024-11-06 17:05:01, ['21.97', '58.00']
2024-11-06 17:06:02, ['22.27', '58.00']
2024-11-06 17:07:02, ['22.22', '58.00']
2024-11-06 17:08:02, ['22.27', '58.00']
2024-11-06 17:09:02, ['22.27', '58.00']
2024-11-06 17:10:03, ['22.27', '58.00']
2024-11-06 17:11:03, ['22.27', '58.00']
2024-11-06 17:12:04, ['22.58', '58.00']
2024-11-06 17:13:04, ['22.58', '58.00']
2024-11-06 17:14:04, ['22.58', '58.00']
2024-11-06 17:15:04, ['22.58', '58.00']
2024-11-06 17:16:04, ['22.58', '58.00']
2024-11-06 17:17:01, ['22.60', '58.00']
2024-11-06 17:18:01, ['22.58', '58.00']
2024-11-06 17:19:01, ['22.58', '58.00']
2024-11-06 17:20:01, ['22.53', '59.00']
2024-11-06 17:21:01, ['22.58', '59.00']
2024-11-06 17:22:02, ['22.56', '59.00']
2024-11-06 17:23:02, ['22.56', '59.00']
2024-11-06 17:24:02, ['22.50', '59.00']
2024-11-06 17:25:02, ['22.58', '59.00']
2024-11-06 17:26:02, ['22.58', '59.00']
2024-11-06 17:27:02, ['22.58', '59.00']
2024-11-06 17:28:02, ['22.58', '59.00']
2024-11-06 17:29:02, ['22.39', '60.00']
2024-11-06 17:30:02, ['22.50', '59.00']
2024-11-06 17:31:03, ['22.58', '59.00']
2024-11-06 17:32:03, ['22.58', '59.00']
2024-11-06 17:33:03, ['22.58', '60.00']
2024-11-06 17:34:03, ['22.58', '60.00']
2024-11-06 17:35:03, ['22.58', '60.00']
2024-11-06 17:36:03, ['22.58', '60.00']
2024-11-06 17:37:04, ['22.58', '59.00']
2024-11-06 17:38:04, ['22.58', '60.00']
2024-11-06 17:39:00, ['23.33', '59.00']
2024-11-06 17:40:00, ['23.37', '59.00']
2024-11-06 17:41:00, ['23.39', '60.00']
2024-11-06 17:42:00, ['22.58', '59.00']
2024-11-06 17:43:01, ['22.58', '60.00']
2024-11-06 17:44:01, ['22.58', '60.00']
2024-11-06 17:45:01, ['22.58', '60.00']
2024-11-06 17:46:01, ['22.58', '60.00']
2024-11-06 17:47:01, ['22.60', '60.00']
2024-11-06 17:48:02, ['23.08', '60.00']
2024-11-06 17:49:02, ['22.58', '60.00']
2024-11-06 17:50:02, ['22.58', '60.00']
2024-11-06 17:51:02, ['23.34', '61.00']
2024-11-06 17:52:03, ['23.13', '60.00']
2024-11-06 17:53:04, ['23.08', '60.00']
2024-11-06 17:54:04, ['23.13', '60.00']
2024-11-06 17:55:04, ['22.60', '60.00']
2024-11-06 17:56:04, ['22.58', '60.00']
2024-11-06 17:57:00, ['22.58', '60.00']
2024-11-06 17:58:01, ['23.08', '60.00']
2024-11-06 17:59:01, ['23.08', '61.00']
2024-11-06 18:00:02, ['23.08', '61.00']
2024-11-06 18:01:02, ['23.10', '61.00']
2024-11-06 18:02:02, ['23.28', '61.00']
2024-11-06 18:03:03, ['23.39', '61.00']
2024-11-06 18:04:03, ['23.23', '61.00']
2024-11-06 18:05:04, ['23.36', '61.00']
2024-11-06 18:06:04, ['23.39', '61.00']
2024-11-06 18:07:00, ['23.37', '61.00']
2024-11-06 18:08:00, ['23.39', '61.00']
2024-11-06 18:09:00, ['23.37', '60.00']
2024-11-06 18:10:01, ['23.34', '61.00']
2024-11-06 18:11:01, ['23.39', '61.00']
2024-11-06 18:12:02, ['23.39', '60.00']
2024-11-06 18:13:02, ['23.08', '60.00']
2024-11-06 18:14:02, ['23.08', '60.00']
2024-11-06 18:15:03, ['22.58', '60.00']
2024-11-06 18:16:03, ['22.55', '60.00']
2024-11-06 18:17:03, ['22.58', '60.00']
2024-11-06 18:18:00, ['22.56', '60.00']
2024-11-06 18:19:00, ['22.56', '60.00']
2024-11-06 18:20:00, ['22.58', '60.00']
2024-11-06 18:21:00, ['22.58', '60.00']
2024-11-06 18:22:00, ['22.58', '60.00']
2024-11-06 18:23:01, ['22.58', '61.00']
2024-11-06 18:24:02, ['22.58', '61.00']
2024-11-06 18:25:02, ['22.60', '61.00']
2024-11-06 18:26:02, ['22.58', '61.00']
2024-11-06 18:27:03, ['22.61', '61.00']
2024-11-06 18:28:03, ['23.36', '62.00']
2024-11-06 18:29:03, ['23.39', '61.00']
2024-11-06 18:30:03, ['23.11', '62.00']
2024-11-06 18:31:04, ['23.28', '62.00']
2024-11-06 18:32:00, ['23.39', '61.00']
2024-11-06 18:33:00, ['23.36', '61.00']
2024-11-06 18:34:00, ['23.37', '62.00']
2024-11-06 18:35:00, ['23.13', '62.00']
2024-11-06 18:36:00, ['23.39', '62.00']
2024-11-06 18:37:01, ['23.36', '62.00']
2024-11-06 18:38:02, ['23.39', '62.00']
2024-11-06 18:39:02, ['23.39', '62.00']
2024-11-06 18:40:02, ['23.39', '62.00']
2024-11-06 18:41:03, ['23.39', '62.00']
2024-11-06 18:42:03, ['23.39', '62.00']
2024-11-06 18:43:03, ['23.39', '62.00']
2024-11-06 18:44:04, ['23.39', '62.00']
2024-11-06 18:45:04, ['23.39', '62.00']
2024-11-06 18:46:04, ['23.39', '62.00']
2024-11-06 18:47:00, ['23.39', '62.00']
2024-11-06 18:48:01, ['23.39', '62.00']
2024-11-06 18:49:01, ['23.39', '62.00']
2024-11-06 18:50:01, ['23.42', '62.00']
2024-11-06 18:51:01, ['23.39', '62.00']
2024-11-06 18:52:02, ['23.39', '62.00']
2024-11-06 18:53:02, ['23.39', '62.00']
2024-11-06 18:54:03, ['23.39', '62.00']
2024-11-06 18:55:03, ['23.39', '62.00']
2024-11-06 18:56:03, ['23.39', '62.00']
2024-11-06 18:57:04, ['23.41', '63.00']
2024-11-06 18:58:04, ['23.50', '62.00']
2024-11-06 18:59:04, ['23.47', '62.00']
2024-11-06 19:00:04, ['23.70', '62.00']
2024-11-06 19:01:00, ['23.70', '62.00']
2024-11-06 19:02:01, ['23.39', '62.00']
2024-11-06 19:03:01, ['23.31', '62.00']
2024-11-06 19:04:01, ['23.13', '63.00']
2024-11-06 19:05:01, ['23.20', '63.00']
2024-11-06 19:06:02, ['23.23', '63.00']
2024-11-06 19:07:03, ['23.27', '63.00']
2024-11-06 19:08:03, ['23.39', '63.00']
2024-11-06 19:09:04, ['23.39', '63.00']
2024-11-06 19:10:04, ['23.39', '63.00']
2024-11-06 19:11:04, ['23.39', '63.00']
2024-11-06 19:12:00, ['23.39', '63.00']
2024-11-06 19:13:01, ['23.39', '63.00']
2024-11-06 19:14:01, ['23.39', '63.00']
2024-11-06 19:15:01, ['23.39', '62.00']
2024-11-06 19:16:02, ['23.39', '63.00']
2024-11-06 19:17:02, ['23.39', '63.00']
2024-11-06 19:18:02, ['23.39', '63.00']
2024-11-06 19:19:03, ['23.39', '63.00']
2024-11-06 19:20:03, ['23.39', '63.00']
2024-11-06 19:21:04, ['23.39', '63.00']
2024-11-06 19:22:00, ['23.41', '63.00']
2024-11-06 19:23:00, ['23.39', '63.00']
2024-11-06 19:24:01, ['23.39', '63.00']
2024-11-06 19:25:01, ['23.41', '63.00']
2024-11-06 19:26:01, ['23.39', '63.00']
2024-11-06 19:27:02, ['23.39', '63.00']
2024-11-06 19:28:02, ['23.39', '63.00']
2024-11-06 19:29:03, ['23.37', '63.00']
2024-11-06 19:30:03, ['23.39', '63.00']
2024-11-06 19:31:04, ['23.39', '63.00']
2024-11-06 19:32:03, ['23.39', '63.00']
2024-11-06 19:33:04, ['23.39', '63.00']
2024-11-06 19:34:04, ['23.39', '63.00']
2024-11-06 19:35:00, ['23.41', '63.00']
2024-11-06 19:36:01, ['23.39', '63.00']
2024-11-06 19:37:01, ['23.39', '63.00']
2024-11-06 19:38:01, ['23.39', '63.00']
2024-11-06 19:39:01, ['23.39', '63.00']
2024-11-06 19:40:02, ['23.39', '63.00']
2024-11-06 19:41:03, ['23.51', '63.00']
2024-11-06 19:42:03, ['23.41', '64.00']
2024-11-06 19:43:03, ['23.39', '64.00']
2024-11-06 19:44:04, ['23.39', '63.00']
2024-11-06 19:45:04, ['23.39', '63.00']
2024-11-06 19:46:00, ['23.56', '63.00']
2024-11-06 19:47:00, ['23.41', '63.00']
2024-11-06 19:48:01, ['23.44', '63.00']
2024-11-06 19:49:01, ['23.70', '63.00']
2024-11-06 19:50:01, ['23.41', '63.00']
2024-11-06 19:51:02, ['23.70', '63.00']
2024-11-06 19:52:02, ['23.70', '63.00']
2024-11-06 19:53:02, ['23.70', '63.00']
2024-11-06 19:54:03, ['23.54', '63.00']
2024-11-06 19:55:03, ['23.53', '63.00']
2024-11-06 19:56:03, ['23.54', '63.00']
2024-11-06 19:57:03, ['23.70', '63.00']
2024-11-06 19:58:03, ['23.70', '63.00']
2024-11-06 19:59:04, ['23.70', '64.00']
2024-11-06 20:00:04, ['23.70', '63.00']
2024-11-06 20:01:00, ['23.68', '63.00']
2024-11-06 20:02:00, ['23.70', '63.00']
2024-11-06 20:03:00, ['23.70', '64.00']
2024-11-06 20:04:01, ['23.70', '63.00']
2024-11-06 20:05:01, ['23.70', '63.00']
2024-11-06 20:06:01, ['23.70', '63.00']
2024-11-06 20:07:01, ['23.65', '63.00']
2024-11-06 20:08:02, ['23.62', '63.00']
2024-11-06 20:09:02, ['23.45', '63.00']
2024-11-06 20:10:02, ['23.68', '63.00']
2024-11-06 20:11:02, ['23.70', '63.00']
2024-11-06 20:12:02, ['23.70', '63.00']
2024-11-06 20:13:03, ['23.70', '64.00']
2024-11-06 20:14:03, ['23.68', '63.00']
2024-11-06 20:15:03, ['23.70', '63.00']
2024-11-06 20:16:04, ['23.70', '63.00']
2024-11-06 20:17:04, ['23.70', '62.00']
2024-11-06 20:18:04, ['23.84', '62.00']
2024-11-06 20:19:04, ['24.01', '61.00']
2024-11-06 20:20:04, ['23.73', '60.00']
2024-11-06 20:21:00, ['23.70', '60.00']
2024-11-06 20:22:00, ['23.89', '60.00']
2024-11-06 20:23:00, ['23.70', '59.00']
2024-11-06 20:24:00, ['23.99', '59.00']
2024-11-06 20:25:01, ['23.84', '58.00']
2024-11-06 20:26:01, ['23.90', '58.00']
2024-11-06 20:27:01, ['23.70', '58.00']
2024-11-06 20:28:02, ['23.70', '58.00']
2024-11-06 20:29:02, ['23.90', '57.00']
2024-11-06 20:30:02, ['23.99', '57.00']
2024-11-06 20:31:03, ['24.01', '56.00']
2024-11-06 20:32:03, ['24.45', '57.00']
2024-11-06 20:33:03, ['24.51', '57.00']
2024-11-06 20:34:03, ['23.70', '56.00']
2024-11-06 20:35:03, ['23.70', '57.00']
2024-11-06 20:36:04, ['23.72', '56.00']
2024-11-06 20:37:04, ['23.73', '56.00']
2024-11-06 20:38:04, ['23.70', '56.00']
2024-11-06 20:39:00, ['23.70', '56.00']
2024-11-06 20:40:00, ['23.72', '56.00']
2024-11-06 20:41:00, ['23.70', '55.00']
2024-11-06 20:42:00, ['23.39', '56.00']
2024-11-06 20:43:01, ['23.39', '57.00']
2024-11-06 20:44:01, ['23.39', '58.00']
2024-11-06 20:45:01, ['23.39', '59.00']
2024-11-06 20:46:01, ['23.39', '59.00']
2024-11-06 20:47:01, ['23.39', '59.00']
2024-11-06 20:48:01, ['23.39', '59.00']
2024-11-06 20:49:03, ['23.39', '59.00']
"2024-11-06 20:51:47, ['23.08', '60.00']"
"2024-11-06 20:51:47, ['23.08', '60.00']","2024-11-06 20:51:52, ['23.08', '60.00']","2024-11-06 20:51:57, ['23.08', '60.00']","2024-11-06 20:52:02, ['23.08', '60.00']"
"2024-11-06 20:51:47, ['23.08', '60.00']","2024-11-06 20:51:52, ['23.08', '60.00']","2024-11-06 20:51:57, ['23.08', '60.00']","2024-11-06 20:52:02, ['23.08', '60.00']","2024-11-06 20:52:07, ['23.08', '60.00']","2024-11-06 20:52:12, ['23.08', '60.00']","2024-11-06 20:52:18, ['23.08', '60.00']","2024-11-06 20:52:22, ['22.58', '60.00']","2024-11-06 20:52:27, ['23.08', '60.00']","2024-11-06 20:52:32, ['23.08', '60.00']","2024-11-06 20:52:37, ['23.08', '60.00']","2024-11-06 20:52:42, ['22.52', '60.00']","2024-11-06 20:52:47, ['23.00', '60.00']","2024-11-06 20:52:52, ['23.05', '60.00']","2024-11-06 20:52:57, ['23.02', '61.00']","2024-11-06 20:53:02, ['22.82', '60.00']"
"2024-11-06 20:51:47, ['23.08', '60.00']","2024-11-06 20:51:52, ['23.08', '60.00']","2024-11-06 20:51:57, ['23.08', '60.00']","2024-11-06 20:52:02, ['23.08', '60.00']","2024-11-06 20:52:07, ['23.08', '60.00']","2024-11-06 20:52:12, ['23.08', '60.00']","2024-11-06 20:52:18, ['23.08', '60.00']","2024-11-06 20:52:22, ['22.58', '60.00']","2024-11-06 20:52:27, ['23.08', '60.00']","2024-11-06 20:52:32, ['23.08', '60.00']","2024-11-06 20:52:37, ['23.08', '60.00']","2024-11-06 20:52:42, ['22.52', '60.00']","2024-11-06 20:52:47, ['23.00', '60.00']","2024-11-06 20:52:52, ['23.05', '60.00']","2024-11-06 20:52:57, ['23.02', '61.00']","2024-11-06 20:53:02, ['22.82', '60.00']","2024-11-06 20:53:07, ['22.30', '61.00']","2024-11-06 20:53:12, ['22.35', '60.00']","2024-11-06 20:53:18, ['22.94', '60.00']","2024-11-06 20:53:23, ['23.03', '60.00']","2024-11-06 20:53:28, ['22.44', '60.00']","2024-11-06 20:53:33, ['22.96', '60.00']","2024-11-06 20:53:37, ['22.53', '60.00']","2024-11-06 20:53:42, ['23.08', '60.00']","2024-11-06 20:53:47, ['23.05', '60.00']","2024-11-06 20:53:52, ['23.06', '60.00']","2024-11-06 20:53:57, ['22.58', '61.00']","2024-11-06 20:54:02, ['23.08', '60.00']"
"2024-11-06 20:51:47, ['23.08', '60.00']","2024-11-06 20:51:52, ['23.08', '60.00']","2024-11-06 20:51:57, ['23.08', '60.00']","2024-11-06 20:52:02, ['23.08', '60.00']","2024-11-06 20:52:07, ['23.08', '60.00']","2024-11-06 20:52:12, ['23.08', '60.00']","2024-11-06 20:52:18, ['23.08', '60.00']","2024-11-06 20:52:22, ['22.58', '60.00']","2024-11-06 20:52:27, ['23.08', '60.00']","2024-11-06 20:52:32, ['23.08', '60.00']","2024-11-06 20:52:37, ['23.08', '60.00']","2024-11-06 20:52:42, ['22.52', '60.00']","2024-11-06 20:52:47, ['23.00', '60.00']","2024-11-06 20:52:52, ['23.05', '60.00']","2024-11-06 20:52:57, ['23.02', '61.00']","2024-11-06 20:53:02, ['22.82', '60.00']","2024-11-06 20:53:07, ['22.30', '61.00']","2024-11-06 20:53:12, ['22.35', '60.00']","2024-11-06 20:53:18, ['22.94', '60.00']","2024-11-06 20:53:23, ['23.03', '60.00']","2024-11-06 20:53:28, ['22.44', '60.00']","2024-11-06 20:53:33, ['22.96', '60.00']","2024-11-06 20:53:37, ['22.53', '60.00']","2024-11-06 20:53:42, ['23.08', '60.00']","2024-11-06 20:53:47, ['23.05', '60.00']","2024-11-06 20:53:52, ['23.06', '60.00']","2024-11-06 20:53:57, ['22.58', '61.00']","2024-11-06 20:54:02, ['23.08', '60.00']","2024-11-06 20:54:07, ['23.08', '60.00']","2024-11-06 20:54:12, ['22.58', '61.00']","2024-11-06 20:54:17, ['23.08', '61.00']","2024-11-06 20:54:22, ['23.08', '61.00']","2024-11-06 20:54:27, ['23.08', '61.00']","2024-11-06 20:54:32, ['23.08', '61.00']","2024-11-06 20:54:37, ['23.08', '61.00']","2024-11-06 20:54:42, ['23.08', '61.00']","2024-11-06 20:54:47, ['23.08', '61.00']","2024-11-06 20:54:52, ['23.08', '61.00']","2024-11-06 20:54:57, ['23.08', '61.00']","2024-11-06 20:55:02, ['23.08', '60.00']"
"2024-11-06 20:51:47, ['23.08', '60.00']","2024-11-06 20:51:52, ['23.08', '60.00']","2024-11-06 20:51:57, ['23.08', '60.00']","2024-11-06 20:52:02, ['23.08', '60.00']","2024-11-06 20:52:07, ['23.08', '60.00']","2024-11-06 20:52:12, ['23.08', '60.00']","2024-11-06 20:52:18, ['23.08', '60.00']","2024-11-06 20:52:22, ['22.58', '60.00']","2024-11-06 20:52:27, ['23.08', '60.00']","2024-11-06 20:52:32, ['23.08', '60.00']","2024-11-06 20:52:37, ['23.08', '60.00']","2024-11-06 20:52:42, ['22.52', '60.00']","2024-11-06 20:52:47, ['23.00', '60.00']","2024-11-06 20:52:52, ['23.05', '60.00']","2024-11-06 20:52:57, ['23.02', '61.00']","2024-11-06 20:53:02, ['22.82', '60.00']","2024-11-06 20:53:07, ['22.30', '61.00']","2024-11-06 20:53:12, ['22.35', '60.00']","2024-11-06 20:53:18, ['22.94', '60.00']","2024-11-06 20:53:23, ['23.03', '60.00']","2024-11-06 20:53:28, ['22.44', '60.00']","2024-11-06 20:53:33, ['22.96', '60.00']","2024-11-06 20:53:37, ['22.53', '60.00']","2024-11-06 20:53:42, ['23.08', '60.00']","2024-11-06 20:53:47, ['23.05', '60.00']","2024-11-06 20:53:52, ['23.06', '60.00']","2024-11-06 20:53:57, ['22.58', '61.00']","2024-11-06 20:54:02, ['23.08', '60.00']","2024-11-06 20:54:07, ['23.08', '60.00']","2024-11-06 20:54:12, ['22.58', '61.00']","2024-11-06 20:54:17, ['23.08', '61.00']","2024-11-06 20:54:22, ['23.08', '61.00']","2024-11-06 20:54:27, ['23.08', '61.00']","2024-11-06 20:54:32, ['23.08', '61.00']","2024-11-06 20:54:37, ['23.08', '61.00']","2024-11-06 20:54:42, ['23.08', '61.00']","2024-11-06 20:54:47, ['23.08', '61.00']","2024-11-06 20:54:52, ['23.08', '61.00']","2024-11-06 20:54:57, ['23.08', '61.00']","2024-11-06 20:55:02, ['23.08', '60.00']","2024-11-06 20:55:07, ['23.08', '61.00']","2024-11-06 20:55:12, ['23.08', '61.00']","2024-11-06 20:55:17, ['23.08', '60.00']","2024-11-06 20:55:22, ['23.08', '60.00']","2024-11-06 20:55:27, ['23.10', '60.00']","2024-11-06 20:55:32, ['23.11', '60.00']","2024-11-06 20:55:37, ['23.11', '60.00']","2024-11-06 20:55:42, ['23.10', '60.00']","2024-11-06 20:55:47, ['23.08', '61.00']","2024-11-06 20:55:52, ['23.08', '60.00']","2024-11-06 20:55:57, ['23.11', '60.00']","2024-11-06 20:56:02, ['23.10', '60.00']"
"2024-11-06 20:51:47, ['23.08', '60.00']","2024-11-06 20:51:52, ['23.08', '60.00']","2024-11-06 20:51:57, ['23.08', '60.00']","2024-11-06 20:52:02, ['23.08', '60.00']","2024-11-06 20:52:07, ['23.08', '60.00']","2024-11-06 20:52:12, ['23.08', '60.00']","2024-11-06 20:52:18, ['23.08', '60.00']","2024-11-06 20:52:22, ['22.58', '60.00']","2024-11-06 20:52:27, ['23.08', '60.00']","2024-11-06 20:52:32, ['23.08', '60.00']","2024-11-06 20:52:37, ['23.08', '60.00']","2024-11-06 20:52:42, ['22.52', '60.00']","2024-11-06 20:52:47, ['23.00', '60.00']","2024-11-06 20:52:52, ['23.05', '60.00']","2024-11-06 20:52:57, ['23.02', '61.00']","2024-11-06 20:53:02, ['22.82', '60.00']","2024-11-06 20:53:07, ['22.30', '61.00']","2024-11-06 20:53:12, ['22.35', '60.00']","2024-11-06 20:53:18, ['22.94', '60.00']","2024-11-06 20:53:23, ['23.03', '60.00']","2024-11-06 20:53:28, ['22.44', '60.00']","2024-11-06 20:53:33, ['22.96', '60.00']","2024-11-06 20:53:37, ['22.53', '60.00']","2024-11-06 20:53:42, ['23.08', '60.00']","2024-11-06 20:53:47, ['23.05', '60.00']","2024-11-06 20:53:52, ['23.06', '60.00']","2024-11-06 20:53:57, ['22.58', '61.00']","2024-11-06 20:54:02, ['23.08', '60.00']","2024-11-06 20:54:07, ['23.08', '60.00']","2024-11-06 20:54:12, ['22.58', '61.00']","2024-11-06 20:54:17, ['23.08', '61.00']","2024-11-06 20:54:22, ['23.08', '61.00']","2024-11-06 20:54:27, ['23.08', '61.00']","2024-11-06 20:54:32, ['23.08', '61.00']","2024-11-06 20:54:37, ['23.08', '61.00']","2024-11-06 20:54:42, ['23.08', '61.00']","2024-11-06 20:54:47, ['23.08', '61.00']","2024-11-06 20:54:52, ['23.08', '61.00']","2024-11-06 20:54:57, ['23.08', '61.00']","2024-11-06 20:55:02, ['23.08', '60.00']","2024-11-06 20:55:07, ['23.08', '61.00']","2024-11-06 20:55:12, ['23.08', '61.00']","2024-11-06 20:55:17, ['23.08', '60.00']","2024-11-06 20:55:22, ['23.08', '60.00']","2024-11-06 20:55:27, ['23.10', '60.00']","2024-11-06 20:55:32, ['23.11', '60.00']","2024-11-06 20:55:37, ['23.11', '60.00']","2024-11-06 20:55:42, ['23.10', '60.00']","2024-11-06 20:55:47, ['23.08', '61.00']","2024-11-06 20:55:52, ['23.08', '60.00']","2024-11-06 20:55:57, ['23.11', '60.00']","2024-11-06 20:56:02, ['23.10', '60.00']","2024-11-06 20:56:07, ['23.08', '60.00']","2024-11-06 20:56:12, ['23.08', '61.00']","2024-11-06 20:56:17, ['23.10', '61.00']","2024-11-06 20:56:22, ['23.10', '61.00']","2024-11-06 20:56:27, ['23.08', '61.00']","2024-11-06 20:56:32, ['23.08', '61.00']","2024-11-06 20:56:37, ['23.10', '61.00']","2024-11-06 20:56:42, ['23.08', '61.00']","2024-11-06 20:56:47, ['23.13', '61.00']","2024-11-06 20:56:52, ['23.14', '61.00']","2024-11-06 20:56:57, ['23.10', '61.00']","2024-11-06 20:57:02, ['23.34', '61.00']"
"2024-11-06 20:57:54, ['23.33', '61.00']"
"2024-11-06 20:57:54, ['23.33', '61.00']","2024-11-06 20:57:59, ['23.39', '61.00']","2024-11-06 20:58:04, ['23.37', '61.00']"
"2024-11-06 20:57:54, ['23.33', '61.00']","2024-11-06 20:57:59, ['23.39', '61.00']","2024-11-06 20:58:04, ['23.37', '61.00']","2024-11-06 20:58:10, ['23.34', '60.00']","2024-11-06 20:58:15, ['23.20', '61.00']","2024-11-06 20:58:20, ['23.31', '61.00']","2024-11-06 20:58:25, ['23.22', '61.00']","2024-11-06 20:58:30, ['23.08', '61.00']","2024-11-06 20:58:35, ['23.08', '61.00']","2024-11-06 20:58:40, ['23.10', '61.00']","2024-11-06 20:58:45, ['23.08', '61.00']","2024-11-06 20:58:50, ['23.10', '61.00']","2024-11-06 20:58:54, ['23.25', '61.00']","2024-11-06 20:58:59, ['23.13', '61.00']","2024-11-06 20:59:04, ['23.28', '61.00']"
2,0,2,4,-,1,1,-,0,6, ,2,0,:,5,9,:,5,5,",", ,[,',2,3,.,3,9,',",", ,',6,1,.,0,0,',]
2,0,2,4,-,1,1,-,0,6, ,2,0,:,5,9,:,5,5,",", ,[,',2,3,.,3,9,',",", ,',6,1,.,0,0,',]
2,0,2,4,-,1,1,-,0,6, ,2,1,:,0,0,:,0,0,",", ,[,',2,3,.,3,9,',",", ,',6,1,.,0,0,',]
2,0,2,4,-,1,1,-,0,6, ,2,0,:,5,9,:,5,5,",", ,[,',2,3,.,3,9,',",", ,',6,1,.,0,0,',]
2,0,2,4,-,1,1,-,0,6, ,2,1,:,0,0,:,0,0,",", ,[,',2,3,.,3,9,',",", ,',6,1,.,0,0,',]
2,0,2,4,-,1,1,-,0,6, ,2,1,:,0,0,:,0,5,",", ,[,',2,3,.,3,9,',",", ,',6,0,.,0,0,',]
2,0,2,4,-,1,1,-,0,6, ,2,1,:,0,0,:,1,0,",", ,[,',2,3,.,3,9,',",", ,',6,1,.,0,0,',]
2,0,2,4,-,1,1,-,0,6, ,2,1,:,0,0,:,1,5,",", ,[,',2,3,.,2,7,',",", ,',6,1,.,0,0,',]
2,0,2,4,-,1,1,-,0,6, ,2,1,:,0,0,:,2,0,",", ,[,',2,3,.,1,1,',",", ,',6,1,.,0,0,',]
2,0,2,4,-,1,1,-,0,6, ,2,1,:,0,0,:,2,5,",", ,[,',2,3,.,1,0,',",", ,',6,1,.,0,0,',]
2,0,2,4,-,1,1,-,0,6, ,2,1,:,0,0,:,3,0,",", ,[,',2,3,.,2,2,',",", ,',6,0,.,0,0,',]
2,0,2,4,-,1,1,-,0,6, ,2,1,:,0,0,:,3,5,",", ,[,',2,3,.,1,4,',",", ,',6,1,.,0,0,',]
2,0,2,4,-,1,1,-,0,6, ,2,1,:,0,0,:,4,0,",", ,[,',2,3,.,2,5,',",", ,',6,1,.,0,0,',]
2,0,2,4,-,1,1,-,0,6, ,2,1,:,0,0,:,4,5,",", ,[,',2,3,.,3,1,',",", ,',6,1,.,0,0,',]
2,0,2,4,-,1,1,-,0,6, ,2,1,:,0,0,:,5,1,",", ,[,',2,3,.,1,7,',",", ,',6,1,.,0,0,',]
2,0,2,4,-,1,1,-,0,6, ,2,1,:,0,0,:,5,6,",", ,[,',2,3,.,2,0,',",", ,',6,1,.,0,0,',]
2,0,2,4,-,1,1,-,0,6, ,2,1,:,0,1,:,0,1,",", ,[,',2,3,.,1,7,',",", ,',6,1,.,0,0,',]
"2024-11-06 21:02:04, ['23.39', '61.00']"
"2024-11-06 21:02:47, ['23.39', '61.00']"
"2024-11-06 21:02:47, ['23.39', '61.00']"
"2024-11-06 21:02:52, ['23.39', '61.00']"
"2024-11-06 21:02:57, ['23.39', '61.00']"
"2024-11-06 21:03:02, ['23.39', '61.00']"
"2024-11-06 21:04:15, ['23.08', '62.00']"
"2024-11-06 21:04:15, ['23.08', '62.00']"
"2024-11-06 21:04:20, ['23.17', '61.00']"
"2024-11-06 21:04:25, ['23.33', '62.00']"
"2024-11-06 21:04:30, ['23.19', '62.00']"
"2024-11-06 21:04:35, ['23.25', '61.00']"
"2024-11-06 21:04:40, ['23.11', '61.00']"
"2024-11-06 21:04:45, ['23.08', '61.00']"
"2024-11-06 21:04:50, ['23.08', '61.00']"
"2024-11-06 21:04:55, ['23.08', '61.00']"
"2024-11-06 21:05:00, ['23.14', '61.00']"
"2024-11-06 21:04:15, ['23.08', '62.00']"
"2024-11-06 21:04:20, ['23.17', '61.00']"
"2024-11-06 21:04:25, ['23.33', '62.00']"
"2024-11-06 21:04:30, ['23.19', '62.00']"
"2024-11-06 21:04:35, ['23.25', '61.00']"
"2024-11-06 21:04:40, ['23.11', '61.00']"
"2024-11-06 21:04:45, ['23.08', '61.00']"
"2024-11-06 21:04:50, ['23.08', '61.00']"
"2024-11-06 21:04:55, ['23.08', '61.00']"
"2024-11-06 21:05:00, ['23.14', '61.00']"
"2024-11-06 21:05:06, ['23.10', '61.00']"
"2024-11-06 21:05:10, ['23.13', '61.00']"
"2024-11-06 21:05:15, ['23.10', '61.00']"
"2024-11-06 21:05:20, ['23.08', '61.00']"
"2024-11-06 21:05:25, ['23.08', '61.00']"
"2024-11-06 21:05:30, ['23.10', '61.00']"
"2024-11-06 21:05:35, ['23.08', '61.00']"
"2024-11-06 21:05:40, ['23.08', '61.00']"
"2024-11-06 21:05:45, ['23.23', '61.00']"
"2024-11-06 21:05:50, ['23.39', '61.00']"
"2024-11-06 21:05:55, ['23.37', '62.00']"
"2024-11-06 21:06:00, ['23.39', '61.00']"
"2024-11-06 21:08:27, ['23.39', '61.00']"
"2024-11-06 21:08:32, ['23.39', '61.00']"
"2024-11-06 21:08:37, ['23.39', '61.00']"
"2024-11-06 21:08:42, ['23.39', '61.00']"
"2024-11-06 21:08:47, ['23.39', '61.00']"
"2024-11-06 21:08:52, ['23.39', '61.00']"
"2024-11-06 21:08:57, ['23.39', '61.00']"
"2024-11-06 21:09:02, ['23.39', '61.00']"
21:08:57, ['23.39', '61.00']"
"2024-11-06 21:09:02, ['23.39', '61.00']"
"2024-11-06 21:09:07, ['23.39', '61.00']"
"2024-11-06 21:09:12, ['23.39', '61.00']"
"2024-11-06 21:09:17, ['23.39', '61.00']"
"2024-11-06 21:09:22, ['23.39', '61.00']"
"2024-11-06 21:09:27, ['23.39', '61.00']"
"2024-11-06 21:09:32, ['23.39', '61.00']"
"2024-11-06 21:09:37, ['23.39', '61.00']"
"2024-11-06 21:09:42, ['23.39', '61.00']"
"2024-11-06 21:09:47, ['23.39', '61.00']"
"2024-11-06 21:09:52, ['23.39', '61.00']"
"2024-11-06 21:09:57, ['23.39', '61.00']"
"2024-11-06 21:10:02, ['23.39', '61.00']"
"2024-11-06 21:10:07, ['23.39', '61.00']"
"2024-11-06 21:10:12, ['23.39', '61.00']"
"2024-11-06 21:10:17, ['23.39', '61.00']"
"2024-11-06 21:10:22, ['23.39', '61.00']"
"2024-11-06 21:10:27, ['23.39', '61.00']"
"2024-11-06 21:10:32, ['23.39', '61.00']"
"2024-11-06 21:10:37, ['23.39', '61.00']"
"2024-11-06 21:10:42, ['23.39', '62.00']"
"2024-11-06 21:10:47, ['23.39', '61.00']"
"2024-11-06 21:10:52, ['23.39', '61.00']"
"2024-11-06 21:10:57, ['23.39', '61.00']"
"2024-11-06 21:11:02, ['23.39', '61.00']"
"2024-11-06 21:11:07, ['23.39', '61.00']"
"2024-11-06 21:11:12, ['23.39', '61.00']"
"2024-11-06 21:11:17, ['23.39', '61.00']"
"2024-11-06 21:11:22, ['23.39', '61.00']"
"2024-11-06 21:11:27, ['23.39', '61.00']"
"2024-11-06 21:11:32, ['23.39', '61.00']"
"2024-11-06 21:11:37, ['23.39', '61.00']"
"2024-11-06 21:11:42, ['23.39', '61.00']"
"2024-11-06 21:11:47, ['23.39', '61.00']"
"2024-11-06 21:11:52, ['23.39', '62.00']"
"2024-11-06 21:11:57, ['23.39', '61.00']"
"2024-11-06 21:12:02, ['23.39', '61.00']"
"2024-11-06 21:12:07, ['23.39', '62.00']"
"2024-11-06 21:12:12, ['23.39', '61.00']"
"2024-11-06 21:12:17, ['23.39', '61.00']"
"2024-11-06 21:12:22, ['23.39', '61.00']"
"2024-11-06 21:12:27, ['23.39', '61.00']"
"2024-11-06 21:12:32, ['23.39', '61.00']"
"2024-11-06 21:12:37, ['23.39', '62.00']"
"2024-11-06 21:12:42, ['23.39', '62.00']"
"2024-11-06 21:12:47, ['23.39', '61.00']"
"2024-11-06 21:12:52, ['23.41', '61.00']"
"2024-11-06 21:12:57, ['23.39', '61.00']"
"2024-11-06 21:13:02, ['23.39', '61.00']"
"2024-11-06 21:13:07, ['23.39', '61.00']"
"2024-11-06 21:13:12, ['23.39', '61.00']"
"2024-11-06 21:13:17, ['23.39', '61.00']"
"2024-11-06 21:13:22, ['23.39', '61.00']"
"2024-11-06 21:13:27, ['23.39', '62.00']"
"2024-11-06 21:13:32, ['23.39', '61.00']"
"2024-11-06 21:13:37, ['23.39', '61.00']"
"2024-11-06 21:13:42, ['23.39', '61.00']"
"2024-11-06 21:13:47, ['23.39', '61.00']"
"2024-11-06 21:13:52, ['23.39', '61.00']"
"2024-11-06 21:13:57, ['23.39', '61.00']"
"2024-11-06 21:14:02, ['23.39', '62.00']"
"2024-11-06 21:14:07, ['23.39', '61.00']"
"2024-11-06 21:14:12, ['23.39', '61.00']"
"2024-11-06 21:14:17, ['23.39', '61.00']"
"2024-11-06 21:14:22, ['23.39', '61.00']"
"2024-11-06 21:14:27, ['23.39', '61.00']"
"2024-11-06 21:14:32, ['23.39', '61.00']"
"2024-11-06 21:14:37, ['23.39', '61.00']"
"2024-11-06 21:14:42, ['23.39', '61.00']"
"2024-11-06 21:14:47, ['23.39', '62.00']"
"2024-11-06 21:14:52, ['23.39', '61.00']"
"2024-11-06 21:14:57, ['23.39', '61.00']"
"2024-11-06 21:15:02, ['23.39', '61.00']"
"2024-11-06 21:15:55, ['23.39', '61.00']"
"2024-11-06 21:16:00, ['23.39', '61.00']"
6 21:15:55, ['23.39', '61.00']"
"2024-11-06 21:16:00, ['23.39', '61.00']"
"2024-11-06 21:16:05, ['23.39', '61.00']"
"2024-11-06 21:16:10, ['23.39', '61.00']"
"2024-11-06 21:16:15, ['23.39', '61.00']"
"2024-11-06 21:16:20, ['23.39', '61.00']"
"2024-11-06 21:16:25, ['23.39', '61.00']"
"2024-11-06 21:16:30, ['23.39', '61.00']"
"2024-11-06 21:16:35, ['23.39', '61.00']"
"2024-11-06 21:16:40, ['23.39', '61.00']"
"2024-11-06 21:16:45, ['23.39', '62.00']"
"2024-11-06 21:16:50, ['23.39', '62.00']"
"2024-11-06 21:16:55, ['23.39', '61.00']"
"2024-11-06 21:17:00, ['23.39', '61.00']"
"2024-11-06 21:17:05, ['23.41', '61.00']"
"2024-11-06 21:17:10, ['23.39', '61.00']"
"2024-11-06 21:17:15, ['23.39', '61.00']"
"2024-11-06 21:17:20, ['23.41', '61.00']"
"2024-11-06 21:17:25, ['23.39', '61.00']"
"2024-11-06 21:17:30, ['23.39', '61.00']"
"2024-11-06 21:17:36, ['23.39', '61.00']"
"2024-11-06 21:17:41, ['23.39', '62.00']"
"2024-11-06 21:17:46, ['23.41', '61.00']"
"2024-11-06 21:17:51, ['23.39', '62.00']"
"2024-11-06 21:17:56, ['23.41', '61.00']"
"2024-11-06 21:18:01, ['23.39', '61.00']"
"2024-11-06 21:18:41, ['23.39', '61.00']"
"2024-11-06 21:18:46, ['23.39', '61.00']"
"2024-11-06 21:18:51, ['23.39', '61.00']"
"2024-11-06 21:18:56, ['23.39', '61.00']"
"2024-11-06 21:19:01, ['23.39', '61.00']"
21:19:01, ['23.39', '61.00']"
"2024-11-06 21:19:06, ['23.39', '61.00']"
"2024-11-06 21:19:11, ['23.39', '61.00']"
"2024-11-06 21:19:16, ['23.39', '61.00']"
"2024-11-06 21:19:21, ['23.39', '61.00']"
"2024-11-06 21:19:26, ['23.41', '61.00']"
"2024-11-06 21:19:31, ['23.39', '61.00']"
"2024-11-06 21:19:36, ['23.45', '61.00']"
"2024-11-06 21:19:41, ['23.42', '61.00']"
"2024-11-06 21:19:46, ['23.41', '61.00']"
"2024-11-06 21:19:51, ['23.45', '62.00']"
"2024-11-06 21:19:56, ['23.42', '62.00']"
"2024-11-06 21:20:01, ['23.41', '61.00']"
"2024-11-06 21:20:06, ['23.61', '61.00']"
"2024-11-06 21:20:11, ['23.70', '61.00']"
"2024-11-06 21:20:16, ['23.70', '61.00']"
"2024-11-06 21:20:21, ['23.70', '61.00']"
"2024-11-06 21:20:27, ['23.70', '61.00']"
"2024-11-06 21:20:32, ['23.64', '61.00']"
"2024-11-06 21:20:37, ['23.62', '61.00']"
"2024-11-06 21:20:42, ['23.62', '61.00']"
"2024-11-06 21:20:47, ['23.62', '61.00']"
"2024-11-06 21:20:52, ['23.70', '61.00']"
"2024-11-06 21:20:57, ['23.64', '61.00']"
"2024-11-06 21:21:02, ['23.70', '61.00']"
"2024-11-06 21:21:07, ['23.68', '61.00']"
"2024-11-06 21:21:12, ['23.68', '61.00']"
"2024-11-06 21:21:17, ['23.59', '61.00']"
"2024-11-06 21:21:22, ['23.59', '61.00']"
"2024-11-06 21:21:27, ['23.65', '61.00']"
"2024-11-06 21:21:32, ['23.51', '61.00']"
"2024-11-06 21:21:37, ['23.58', '61.00']"
"2024-11-06 21:21:42, ['23.67', '61.00']"
"2024-11-06 21:21:47, ['23.65', '61.00']"
"2024-11-06 21:21:52, ['23.65', '61.00']"
"2024-11-06 21:21:57, ['23.70', '61.00']"
"2024-11-06 21:22:02, ['23.56', '61.00']"
"2024-11-06 21:22:07, ['23.59', '61.00']"
"2024-11-06 21:22:12, ['23.48', '61.00']"
"2024-11-06 21:22:17, ['23.70', '61.00']"
"2024-11-06 21:22:22, ['23.67', '61.00']"
"2024-11-06 21:22:27, ['23.54', '61.00']"
"2024-11-06 21:22:32, ['23.61', '61.00']"
"2024-11-06 21:22:37, ['23.68', '61.00']"
"2024-11-06 21:22:42, ['23.61', '61.00']"
"2024-11-06 21:22:47, ['23.41', '61.00']"
"2024-11-06 21:22:52, ['23.44', '61.00']"
"2024-11-06 21:22:57, ['23.54', '61.00']"
"2024-11-06 21:23:02, ['23.42', '61.00']"
"2024-11-06 21:23:07, ['23.44', '61.00']"
"2024-11-06 21:23:12, ['23.64', '62.00']"
"2024-11-06 21:23:17, ['23.61', '61.00']"
"2024-11-06 21:23:22, ['23.68', '61.00']"
"2024-11-06 21:23:27, ['23.68', '61.00']"
"2024-11-06 21:23:32, ['23.70', '61.00']"
"2024-11-06 21:23:37, ['23.68', '61.00']"
"2024-11-06 21:23:42, ['23.61', '61.00']"
"2024-11-06 21:23:47, ['23.62', '61.00']"
"2024-11-06 21:23:52, ['23.68', '61.00']"
"2024-11-06 21:23:57, ['23.67', '61.00']"
"2024-11-06 21:24:02, ['23.70', '61.00']"
"2024-11-06 21:24:08, ['23.68', '61.00']"
"2024-11-06 21:24:13, ['23.70', '61.00']"
"2024-11-06 21:24:18, ['23.70', '61.00']"
"2024-11-06 21:24:23, ['23.58', '61.00']"
"2024-11-06 21:24:28, ['23.56', '61.00']"
"2024-11-06 21:24:33, ['23.41', '62.00']"
"2024-11-06 21:24:38, ['23.51', '61.00']"
"2024-11-06 21:24:43, ['23.54', '61.00']"
"2024-11-06 21:24:48, ['23.51', '61.00']"
"2024-11-06 21:24:53, ['23.62', '61.00']"
"2024-11-06 21:24:58, ['23.67', '61.00']"
"2024-11-06 21:25:03, ['23.68', '61.00']"
"2024-11-06 21:25:08, ['23.56', '62.00']"
"2024-11-06 21:25:13, ['23.53', '62.00']"
"2024-11-06 21:25:18, ['23.65', '61.00']"
"2024-11-06 21:25:23, ['23.41', '62.00']"
"2024-11-06 21:25:28, ['23.39', '62.00']"
"2024-11-06 21:25:33, ['23.41', '62.00']"
"2024-11-06 21:25:38, ['23.45', '62.00']"
"2024-11-06 21:25:43, ['23.39', '62.00']"
"2024-11-06 21:25:48, ['23.41', '62.00']"
"2024-11-06 21:25:53, ['23.41', '62.00']"
"2024-11-06 21:25:58, ['23.41', '62.00']"
"2024-11-06 21:26:03, ['23.39', '62.00']"
"2024-11-06 21:26:08, ['23.39', '62.00']"
"2024-11-06 21:26:13, ['23.39', '62.00']"
"2024-11-06 21:26:18, ['23.39', '62.00']"
"2024-11-06 21:26:23, ['23.41', '62.00']"
"2024-11-06 21:26:28, ['23.39', '62.00']"
"2024-11-06 21:26:33, ['23.41', '62.00']"
"2024-11-06 21:26:38, ['23.39', '62.00']"
"2024-11-06 21:26:43, ['23.41', '62.00']"
"2024-11-06 21:26:48, ['23.39', '61.00']"
"2024-11-06 21:26:53, ['23.39', '62.00']"
"2024-11-06 21:26:58, ['23.39', '62.00']"
"2024-11-06 21:27:03, ['23.39', '62.00']"
"2024-11-06 21:27:09, ['23.39', '62.00']"
"2024-11-06 21:27:14, ['23.39', '62.00']"
"2024-11-06 21:27:19, ['23.41', '62.00']"
"2024-11-06 21:27:24, ['23.39', '62.00']"
"2024-11-06 21:27:29, ['23.39', '62.00']"
"2024-11-06 21:27:34, ['23.39', '62.00']"
"2024-11-06 21:27:39, ['23.39', '62.00']"
"2024-11-06 21:27:44, ['23.39', '62.00']"
"2024-11-06 21:27:49, ['23.39', '62.00']"
"2024-11-06 21:27:54, ['23.44', '62.00']"
"2024-11-06 21:27:59, ['23.39', '62.00']"
"2024-11-06 21:28:04, ['23.41', '62.00']"
"2024-11-06 21:28:09, ['23.44', '62.00']"
"2024-11-06 21:28:14, ['23.65', '62.00']"
"2024-11-06 21:28:19, ['23.42', '62.00']"
"2024-11-06 21:28:24, ['23.41', '62.00']"
"2024-11-06 21:28:29, ['23.39', '62.00']"
"2024-11-06 21:28:34, ['23.39', '62.00']"
"2024-11-06 21:28:39, ['23.39', '62.00']"
"2024-11-06 21:28:44, ['23.39', '62.00']"
"2024-11-06 21:28:49, ['23.41', '62.00']"
"2024-11-06 21:28:54, ['23.67', '62.00']"
"2024-11-06 21:28:59, ['23.70', '61.00']"
"2024-11-06 21:29:04, ['23.70', '61.00']"
"2024-11-06 21:29:09, ['23.68', '62.00']"
"2024-11-06 21:29:14, ['23.64', '62.00']"
"2024-11-06 21:29:19, ['23.67', '62.00']"
"2024-11-06 21:29:24, ['23.67', '62.00']"
"2024-11-06 21:29:29, ['23.70', '62.00']"
"2024-11-06 21:29:34, ['23.70', '62.00']"
"2024-11-06 21:29:39, ['23.70', '62.00']"
"2024-11-06 21:29:44, ['23.70', '62.00']"
"2024-11-06 21:29:49, ['23.70', '62.00']"
"2024-11-06 21:29:54, ['23.70', '62.00']"
"2024-11-06 21:29:59, ['23.70', '62.00']"
"2024-11-06 21:30:04, ['23.70', '61.00']"
"2024-11-06 21:30:09, ['23.64', '61.00']"
"2024-11-06 21:30:14, ['23.65', '61.00']"
"2024-11-06 21:30:19, ['23.51', '61.00']"
"2024-11-06 21:30:24, ['23.68', '62.00']"
"2024-11-06 21:30:29, ['23.70', '61.00']"
"2024-11-06 21:30:35, ['23.70', '61.00']"
"2024-11-06 21:30:40, ['23.70', '61.00']"
"2024-11-06 21:30:45, ['23.70', '62.00']"
"2024-11-06 21:30:50, ['23.70', '62.00']"
"2024-11-06 21:30:55, ['23.70', '61.00']"
"2024-11-06 21:31:00, ['23.70', '62.00']"
"2024-11-06 21:31:05, ['23.70', '61.00']"
"2024-11-06 21:31:10, ['23.70', '61.00']"
"2024-11-06 21:31:15, ['23.70', '61.00']"
"2024-11-06 21:31:20, ['23.70', '61.00']"
"2024-11-06 21:31:25, ['23.70', '61.00']"
"2024-11-06 21:31:30, ['23.70', '61.00']"
"2024-11-06 21:31:35, ['23.68', '61.00']"
"2024-11-06 21:31:40, ['23.70', '61.00']"
"2024-11-06 21:31:45, ['23.67', '61.00']"
"2024-11-06 21:31:50, ['23.68', '61.00']"
"2024-11-06 21:31:55, ['23.61', '61.00']"
"2024-11-06 21:32:01, ['23.65', '61.00']"
"2024-11-06 21:32:06, ['23.70', '61.00']"
"2024-11-06 21:32:11, ['23.67', '61.00']"
"2024-11-06 21:32:16, ['23.70', '61.00']"
"2024-11-06 21:32:21, ['23.64', '62.00']"
"2024-11-06 21:32:26, ['23.68', '62.00']"
"2024-11-06 21:32:31, ['23.68', '62.00']"
"2024-11-06 21:32:36, ['23.64', '62.00']"
"2024-11-06 21:32:41, ['23.61', '62.00']"
"2024-11-06 21:32:46, ['23.61', '62.00']"
"2024-11-06 21:32:51, ['23.54', '62.00']"
"2024-11-06 21:32:56, ['23.64', '62.00']"
"2024-11-06 21:33:01, ['23.51', '62.00']"
"2024-11-06 21:33:06, ['23.47', '62.00']"
"2024-11-06 21:33:11, ['23.59', '62.00']"
"2024-11-06 21:33:16, ['23.61', '62.00']"
"2024-11-06 21:33:21, ['23.61', '62.00']"
"2024-11-06 21:33:27, ['23.62', '62.00']"
"2024-11-06 21:33:32, ['23.61', '62.00']"
"2024-11-06 21:33:37, ['23.61', '62.00']"
"2024-11-06 21:33:42, ['23.53', '62.00']"
"2024-11-06 21:33:47, ['23.67', '62.00']"
"2024-11-06 21:33:52, ['23.67', '61.00']"
"2024-11-06 21:33:57, ['23.70', '61.00']"
"2024-11-06 21:34:02, ['23.70', '62.00']"
"2024-11-06 21:34:07, ['23.70', '62.00']"
"2024-11-06 21:34:12, ['23.70', '62.00']"
"2024-11-06 21:34:17, ['23.70', '62.00']"
"2024-11-06 21:34:22, ['23.70', '62.00']"
"2024-11-06 21:34:27, ['23.70', '62.00']"
"2024-11-06 21:34:32, ['23.70', '62.00']"
"2024-11-06 21:34:37, ['23.70', '62.00']"
"2024-11-06 21:34:42, ['23.67', '61.00']"
"2024-11-06 21:34:47, ['23.70', '62.00']"
"2024-11-06 21:34:52, ['23.68', '62.00']"
"2024-11-06 21:34:57, ['23.68', '62.00']"
"2024-11-06 21:35:02, ['23.70', '62.00']"
"2024-11-06 21:35:07, ['23.70', '62.00']"
"2024-11-06 21:35:12, ['23.70', '61.00']"
"2024-11-06 21:35:17, ['23.68', '62.00']"
"2024-11-06 21:35:22, ['23.67', '62.00']"
"2024-11-06 21:35:27, ['23.68', '61.00']"
"2024-11-06 21:35:32, ['23.65', '61.00']"
"2024-11-06 21:35:37, ['23.61', '61.00']"
"2024-11-06 21:35:42, ['23.58', '61.00']"
"2024-11-06 21:35:47, ['23.67', '61.00']"
"2024-11-06 21:35:52, ['23.70', '61.00']"
"2024-11-06 21:35:57, ['23.67', '61.00']"
"2024-11-06 21:36:02, ['23.68', '61.00']"
"2024-11-06 21:36:07, ['23.68', '61.00']"
"2024-11-06 21:36:12, ['23.70', '62.00']"
"2024-11-06 21:36:17, ['23.70', '62.00']"
"2024-11-06 21:36:22, ['23.67', '61.00']"
"2024-11-06 21:36:27, ['23.54', '62.00']"
"2024-11-06 21:36:32, ['23.56', '62.00']"
"2024-11-06 21:36:37, ['23.65', '62.00']"
"2024-11-06 21:36:43, ['23.61', '62.00']"
"2024-11-06 21:36:48, ['23.67', '62.00']"
"2024-11-06 21:36:53, ['23.67', '62.00']"
"2024-11-06 21:36:58, ['23.62', '62.00']"
"2024-11-06 21:37:03, ['23.56', '62.00']"
"2024-11-06 21:37:08, ['23.44', '62.00']"
"2024-11-06 21:37:13, ['23.41', '62.00']"
"2024-11-06 21:37:18, ['23.59', '62.00']"
"2024-11-06 21:37:23, ['23.68', '62.00']"
"2024-11-06 21:37:28, ['23.59', '62.00']"
"2024-11-06 21:37:33, ['23.58', '62.00']"
"2024-11-06 21:37:38, ['23.58', '62.00']"
"2024-11-06 21:37:43, ['23.54', '62.00']"
"2024-11-06 21:37:48, ['23.67', '62.00']"
"2024-11-06 21:37:53, ['23.68', '62.00']"
"2024-11-06 21:37:58, ['23.70', '62.00']"
"2024-11-06 21:38:03, ['23.70', '62.00']"
"2024-11-06 21:38:08, ['23.70', '62.00']"
"2024-11-06 21:38:13, ['23.70', '62.00']"
"2024-11-06 21:38:18, ['23.70', '62.00']"
"2024-11-06 21:38:23, ['23.68', '62.00']"
"2024-11-06 21:38:28, ['23.70', '62.00']"
"2024-11-06 21:38:33, ['23.68', '62.00']"
"2024-11-06 21:38:38, ['23.70', '62.00']"
"2024-11-06 21:38:43, ['23.70', '62.00']"
"2024-11-06 21:38:48, ['23.70', '62.00']"
"2024-11-06 21:38:53, ['23.70', '62.00']"
"2024-11-06 21:38:58, ['23.68', '61.00']"
"2024-11-06 21:39:03, ['23.70', '62.00']"
"2024-11-06 21:39:08, ['23.70', '62.00']"
"2024-11-06 21:39:13, ['23.70', '61.00']"
"2024-11-06 21:39:18, ['23.70', '62.00']"
"2024-11-06 21:39:23, ['23.70', '61.00']"
"2024-11-06 21:39:28, ['23.70', '61.00']"
"2024-11-06 21:39:33, ['23.70', '61.00']"
"2024-11-06 21:39:38, ['23.70', '62.00']"
"2024-11-06 21:39:43, ['23.70', '62.00']"
"2024-11-06 21:39:48, ['23.70', '62.00']"
"2024-11-06 21:39:53, ['23.70', '62.00']"
"2024-11-06 21:39:58, ['23.70', '62.00']"
"2024-11-06 21:40:03, ['23.70', '62.00']"
"2024-11-06 21:40:08, ['23.70', '62.00']"
"2024-11-06 21:40:13, ['23.68', '62.00']"
"2024-11-06 21:40:18, ['23.70', '62.00']"
"2024-11-06 21:40:24, ['23.65', '62.00']"
"2024-11-06 21:40:29, ['23.54', '62.00']"
"2024-11-06 21:40:34, ['23.48', '62.00']"
"2024-11-06 21:40:39, ['23.67', '62.00']"
"2024-11-06 21:40:44, ['23.67', '62.00']"
"2024-11-06 21:40:49, ['23.70', '62.00']"
"2024-11-06 21:40:54, ['23.65', '62.00']"
"2024-11-06 21:40:59, ['23.65', '62.00']"
"2024-11-06 21:41:04, ['23.64', '62.00']"
"2024-11-06 21:42:27, ['23.67', '62.00']"
"2024-11-06 21:42:32, ['23.62', '62.00']"
"2024-11-06 21:42:37, ['23.64', '62.00']"
"2024-11-06 21:42:42, ['23.70', '62.00']"
"2024-11-06 21:42:47, ['23.65', '62.00']"
"2024-11-06 21:42:52, ['23.64', '62.00']"
"2024-11-06 21:42:57, ['23.64', '62.00']"
"2024-11-06 21:43:02, ['23.68', '62.00']"
', '62.00']"
"2024-11-06 21:42:37, ['23.64', '62.00']"
"2024-11-06 21:42:42, ['23.70', '62.00']"
"2024-11-06 21:42:47, ['23.65', '62.00']"
"2024-11-06 21:42:52, ['23.64', '62.00']"
"2024-11-06 21:42:57, ['23.64', '62.00']"
"2024-11-06 21:43:02, ['23.68', '62.00']"
"2024-11-06 21:43:07, ['23.68', '62.00']"
"2024-11-06 21:43:12, ['23.65', '62.00']"
"2024-11-06 21:43:17, ['23.65', '62.00']"
"2024-11-06 21:43:22, ['23.67', '62.00']"
"2024-11-06 21:43:27, ['23.67', '62.00']"
"2024-11-06 21:43:32, ['23.67', '62.00']"
"2024-11-06 21:43:37, ['23.59', '62.00']"
"2024-11-06 21:43:42, ['23.64', '62.00']"
"2024-11-06 21:43:47, ['23.64', '62.00']"
"2024-11-06 21:43:52, ['23.68', '62.00']"
"2024-11-06 21:43:57, ['23.70', '62.00']"
"2024-11-06 21:44:02, ['23.70', '62.00']"
"2024-11-06 21:45:15, ['23.64', '62.00']"
"2024-11-06 21:45:20, ['23.62', '62.00']"
"2024-11-06 21:45:25, ['23.65', '62.00']"
"2024-11-06 21:45:30, ['23.68', '62.00']"
"2024-11-06 21:45:35, ['23.70', '62.00']"
"2024-11-06 21:45:40, ['23.70', '62.00']"
"2024-11-06 21:45:45, ['23.70', '62.00']"
"2024-11-06 21:45:50, ['23.70', '62.00']"
"2024-11-06 21:45:55, ['23.70', '62.00']"
"2024-11-06 21:46:00, ['23.68', '62.00']"
:46:00, ['23.68', '62.00']"
"2024-11-06 21:47:13, ['23.68', '62.00']"
"2024-11-06 21:47:19, ['23.70', '62.00']"
"2024-11-06 21:47:24, ['23.70', '62.00']"
"2024-11-06 21:47:29, ['23.70', '62.00']"
"2024-11-06 21:47:34, ['23.70', '62.00']"
"2024-11-06 21:47:39, ['23.67', '62.00']"
"2024-11-06 21:47:44, ['23.68', '62.00']"
"2024-11-06 21:47:49, ['23.70', '62.00']"
"2024-11-06 21:47:54, ['23.70', '62.00']"
"2024-11-06 21:47:59, ['23.70', '62.00']"
"2024-11-06 21:48:04, ['23.70', '62.00']"
 '62.00']"
"2024-11-06 21:48:09, ['23.70', '62.00']"
"2024-11-06 21:48:14, ['23.70', '62.00']"
"2024-11-06 21:48:19, ['23.70', '62.00']"
"2024-11-06 21:48:24, ['23.70', '62.00']"
"2024-11-06 21:48:29, ['23.70', '62.00']"
"2024-11-06 21:48:34, ['23.70', '62.00']"
"2024-11-06 21:48:39, ['23.70', '62.00']"
"2024-11-06 21:48:44, ['23.70', '62.00']"
"2024-11-06 21:48:49, ['23.70', '62.00']"
"2024-11-06 21:48:54, ['23.70', '62.00']"
"2024-11-06 21:48:59, ['23.70', '62.00']"
"2024-11-06 21:49:05, ['23.70', '62.00']"
"2024-11-06 21:49:10, ['23.70', '62.00']"
"2024-11-06 21:49:15, ['23.70', '62.00']"
"2024-11-06 21:49:20, ['23.70', '62.00']"
"2024-11-06 21:49:25, ['23.68', '62.00']"
"2024-11-06 21:49:30, ['23.70', '62.00']"
"2024-11-06 21:49:35, ['23.70', '62.00']"
"2024-11-06 21:49:40, ['23.70', '62.00']"
"2024-11-06 21:49:45, ['23.70', '62.00']"
"2024-11-06 21:49:50, ['23.70', '62.00']"
"2024-11-06 21:49:55, ['23.70', '62.00']"
"2024-11-06 21:50:00, ['23.70', '62.00']"
"2024-11-06 21:56:48, ['23.70', '62.00']"
"2024-11-06 21:56:53, ['23.65', '62.00']"
"2024-11-06 21:56:58, ['23.61', '62.00']"
"2024-11-06 21:57:03, ['23.62', '62.00']"
57:03, ['23.62', '62.00']"
"2024-11-06 21:57:08, ['23.62', '62.00']"
"2024-11-06 21:57:13, ['23.50', '62.00']"
"2024-11-06 21:57:18, ['23.47', '62.00']"
"2024-11-06 21:57:23, ['23.45', '62.00']"
"2024-11-06 21:57:28, ['23.51', '62.00']"
"2024-11-06 21:57:33, ['23.59', '62.00']"
"2024-11-06 21:57:38, ['23.70', '62.00']"
"2024-11-06 21:57:43, ['23.70', '62.00']"
"2024-11-06 21:57:48, ['23.70', '62.00']"
"2024-11-06 21:57:53, ['23.61', '62.00']"
"2024-11-06 21:57:58, ['23.70', '62.00']"
"2024-11-06 21:58:03, ['23.68', '62.00']"
"2024-11-06 21:58:08, ['23.70', '62.00']"
"2024-11-06 21:58:13, ['23.70', '62.00']"
"2024-11-06 21:58:18, ['23.70', '62.00']"
"2024-11-06 21:58:23, ['23.70', '62.00']"
"2024-11-06 21:58:28, ['23.70', '62.00']"
"2024-11-06 21:58:34, ['23.70', '62.00']"
"2024-11-06 21:58:39, ['23.70', '62.00']"
"2024-11-06 21:58:44, ['23.70', '62.00']"
"2024-11-06 21:58:49, ['23.70', '62.00']"
"2024-11-06 21:58:54, ['23.70', '62.00']"
"2024-11-06 21:58:59, ['23.70', '62.00']"
"2024-11-06 21:59:04, ['23.70', '62.00']"
"2024-11-06 21:59:09, ['23.70', '62.00']"
"2024-11-06 21:59:14, ['23.70', '62.00']"
"2024-11-06 21:59:19, ['23.70', '62.00']"
"2024-11-06 21:59:24, ['23.70', '62.00']"
"2024-11-06 21:59:29, ['23.70', '62.00']"
"2024-11-06 21:59:34, ['23.70', '62.00']"
"2024-11-06 21:59:39, ['23.70', '62.00']"
"2024-11-06 21:59:44, ['23.70', '62.00']"
"2024-11-06 21:59:49, ['23.70', '62.00']"
"2024-11-06 21:59:54, ['23.70', '62.00']"
"2024-11-06 21:59:59, ['23.70', '62.00']"
"2024-11-06 22:00:04, ['23.70', '62.00']"
"2024-11-06 22:00:09, ['23.70', '62.00']"
"2024-11-06 22:00:14, ['23.70', '62.00']"
"2024-11-06 22:00:19, ['23.70', '62.00']"
"2024-11-06 22:00:24, ['23.70', '62.00']"
"2024-11-06 22:00:29, ['23.70', '62.00']"
"2024-11-06 22:00:34, ['23.70', '62.00']"
"2024-11-06 22:00:39, ['23.70', '62.00']"
"2024-11-06 22:00:44, ['23.70', '62.00']"
"2024-11-06 22:00:49, ['23.70', '62.00']"
"2024-11-06 22:00:54, ['23.70', '62.00']"
"2024-11-06 22:00:59, ['23.70', '62.00']"
"2024-11-06 22:01:04, ['23.70', '62.00']"
"2024-11-06 22:01:09, ['23.70', '62.00']"
"2024-11-06 22:01:14, ['23.70', '62.00']"
"2024-11-06 22:01:19, ['23.70', '62.00']"
"2024-11-06 22:01:24, ['23.70', '62.00']"
"2024-11-06 22:01:29, ['23.70', '62.00']"
"2024-11-06 22:01:34, ['23.70', '62.00']"
"2024-11-06 22:01:39, ['23.70', '62.00']"
"2024-11-06 22:01:44, ['23.70', '62.00']"
"2024-11-06 22:01:50, ['23.68', '63.00']"
"2024-11-06 22:01:55, ['23.68', '62.00']"
"2024-11-06 22:02:00, ['23.70', '62.00']"
2024-11-06 22:03:31,23.70,62.00
2024-11-06 22:03:36,23.70,62.00
2024-11-06 22:03:41,23.70,62.00
2024-11-06 22:03:46,23.70,62.00
2024-11-06 22:03:51,23.70,62.00
2024-11-06 22:03:56,23.70,62.00
2024-11-06 22:04:01,23.70,62.00

2024-11-06 22:03:56,23.70,62.00
2024-11-06 22:04:01,23.70,62.00
2024-11-06 22:04:06,23.70,62.00
2024-11-06 22:04:11,23.70,62.00
2024-11-06 22:04:16,23.70,62.00
2024-11-06 22:04:21,23.70,62.00
2024-11-06 22:04:26,23.70,62.00
2024-11-06 22:04:31,23.70,62.00
2024-11-06 22:04:36,23.70,62.00
2024-11-06 22:04:41,23.70,62.00
2024-11-06 22:04:46,23.70,62.00
2024-11-06 22:04:51,23.70,62.00
2024-11-06 22:04:56,23.70,62.00
2024-11-06 22:05:01,23.70,62.00
2024-11-06 22:05:06,23.70,62.00
2024-11-06 22:05:11,23.70,63.00
2024-11-06 22:05:16,23.70,62.00
2024-11-06 22:05:21,23.70,62.00
2024-11-06 22:05:26,23.70,62.00
2024-11-06 22:05:31,23.70,62.00
2024-11-06 22:05:36,23.70,63.00
2024-11-06 22:05:41,23.70,62.00
2024-11-06 22:05:47,23.70,62.00
2024-11-06 22:05:52,23.70,62.00
2024-11-06 22:05:57,23.70,62.00
2024-11-06 22:06:02,23.70,63.00
2024-11-06 22:06:07,23.68,62.00
2024-11-06 22:06:12,23.70,62.00
2024-11-06 22:06:17,23.70,62.00
2024-11-06 22:06:22,23.70,63.00
2024-11-06 22:06:27,23.70,62.00
2024-11-06 22:06:31,23.70,62.00
2024-11-06 22:06:36,23.70,63.00
2024-11-06 22:06:41,23.70,62.00
2024-11-06 22:06:46,23.70,62.00
2024-11-06 22:06:51,23.70,62.00
2024-11-06 22:06:56,23.70,62.00
2024-11-06 22:07:02,23.70,62.00
2024-11-06 22:07:07,23.70,63.00
2024-11-06 22:07:12,23.70,62.00
2024-11-06 22:07:17,23.70,62.00
2024-11-06 22:07:22,23.70,62.00
2024-11-06 22:07:27,23.70,62.00
2024-11-06 22:07:32,23.70,62.00
2024-11-06 22:07:37,23.70,62.00
2024-11-06 22:07:42,23.70,62.00
2024-11-06 22:07:47,23.70,62.00
2024-11-06 22:07:52,23.70,62.00
2024-11-06 22:07:57,23.70,62.00
2024-11-06 22:08:02,23.70,62.00
2024-11-06 22:08:07,23.70,62.00
2024-11-06 22:08:12,23.70,62.00
2024-11-06 22:08:17,23.70,62.00
2024-11-06 22:08:22,23.70,62.00
2024-11-06 22:08:27,23.70,62.00
2024-11-06 22:08:32,23.70,62.00
2024-11-06 22:08:37,23.70,62.00
2024-11-06 22:08:42,23.70,62.00
2024-11-06 22:08:47,23.70,62.00
2024-11-06 22:08:52,23.70,62.00
2024-11-06 22:08:57,23.70,62.00
2024-11-06 22:09:02,23.70,62.00
2024-11-06 22:11:42,23.65,63.00
2024-11-06 22:11:47,23.62,63.00
2024-11-06 22:11:52,23.64,63.00
2024-11-06 22:11:57,23.68,63.00
2024-11-06 22:12:02,23.70,62.00

2024-11-06 22:11:57,23.68,63.00
2024-11-06 22:12:02,23.70,62.00
2024-11-06 22:12:07,23.70,62.00
2024-11-06 22:12:12,23.65,62.00
2024-11-06 22:12:17,23.70,63.00
2024-11-06 22:12:22,23.70,62.00
2024-11-06 22:12:27,23.70,62.00
2024-11-06 22:12:32,23.70,62.00
2024-11-06 22:12:37,23.70,62.00
2024-11-06 22:12:42,23.70,62.00
2024-11-06 22:12:47,23.70,62.00
2024-11-06 22:12:52,23.70,62.00
2024-11-06 22:12:57,23.70,62.00
2024-11-06 22:13:02,23.65,62.00
2024-11-06 22:13:07,23.70,62.00
2024-11-06 22:13:12,23.70,62.00
2024-11-06 22:13:17,23.70,63.00
2024-11-06 22:13:22,23.70,62.00
2024-11-06 22:13:27,23.70,62.00
2024-11-06 22:13:33,23.70,62.00
2024-11-06 22:13:38,23.70,62.00
2024-11-06 22:13:43,23.70,62.00
2024-11-06 22:13:48,23.70,62.00
2024-11-06 22:13:53,23.70,62.00
2024-11-06 22:13:58,23.70,62.00
2024-11-06 22:14:03,23.70,63.00
2024-11-06 22:14:43,23.42,63.00
2024-11-06 22:14:48,23.48,63.00
2024-11-06 22:14:53,23.51,63.00
2024-11-06 22:14:58,23.54,63.00
2024-11-06 22:15:03,23.59,62.00
24-11-06 22:15:03,23.59,62.00
2024-11-06 22:15:08,23.59,63.00
2024-11-06 22:15:13,23.61,62.00
2024-11-06 22:15:18,23.64,62.00
2024-11-06 22:15:23,23.62,62.00
2024-11-06 22:15:28,23.65,62.00
2024-11-06 22:15:33,23.68,63.00
2024-11-06 22:15:38,23.70,63.00
2024-11-06 22:15:43,23.70,63.00
2024-11-06 22:15:48,23.70,62.00
2024-11-06 22:15:53,23.70,62.00
2024-11-06 22:15:58,23.70,62.00
2024-11-06 22:16:03,23.70,63.00
2024-11-06 22:16:08,23.70,62.00
2024-11-06 22:16:13,23.70,62.00
2024-11-06 22:16:18,23.70,62.00
2024-11-06 22:16:23,23.70,62.00
2024-11-06 22:16:28,23.70,62.00
2024-11-06 22:16:33,23.70,62.00
2024-11-06 22:16:38,23.70,62.00
2024-11-06 22:16:43,23.70,62.00
2024-11-06 22:16:48,23.70,63.00
2024-11-06 22:16:53,23.70,62.00
2024-11-06 22:16:58,23.70,62.00
2024-11-06 22:17:03,23.70,62.00
2024-11-06 22:17:52,23.70,62.00
2024-11-06 22:17:57,23.70,62.00
2024-11-06 22:18:02,23.70,62.00
11-06 22:18:02,23.70,62.00
2024-11-06 22:18:07,23.70,62.00
2024-11-06 22:18:12,23.70,63.00
2024-11-06 22:18:17,23.70,62.00
2024-11-06 22:18:22,23.70,63.00
2024-11-06 22:18:27,23.70,62.00
2024-11-06 22:18:32,23.70,62.00
2024-11-06 22:18:37,23.70,62.00
2024-11-06 22:18:42,23.70,62.00
2024-11-06 22:18:48,23.70,62.00
2024-11-06 22:18:53,23.70,62.00
2024-11-06 22:18:58,23.70,62.00
2024-11-06 22:19:03,23.70,62.00
2024-11-06 22:19:08,23.70,62.00
2024-11-06 22:19:13,23.70,62.00
2024-11-06 22:19:18,23.70,62.00
2024-11-06 22:19:23,23.70,62.00
2024-11-06 22:19:28,23.70,63.00
2024-11-06 22:19:33,23.70,63.00
2024-11-06 22:19:38,23.70,63.00
2024-11-06 22:19:43,23.70,62.00
2024-11-06 22:19:48,23.70,62.00
2024-11-06 22:19:53,23.70,63.00
2024-11-06 22:19:58,23.70,63.00
2024-11-06 22:20:03,23.70,63.00
2024-11-06 22:20:08,23.70,63.00
2024-11-06 22:20:13,23.70,63.00
2024-11-06 22:20:19,23.70,63.00
2024-11-06 22:20:23,23.70,63.00
2024-11-06 22:20:28,23.70,62.00
2024-11-06 22:20:33,23.70,63.00
2024-11-06 22:20:38,23.68,63.00
2024-11-06 22:20:43,23.70,63.00
2024-11-06 22:20:48,23.70,62.00
2024-11-06 22:20:53,23.70,62.00
2024-11-06 22:20:58,23.70,63.00
2024-11-06 22:21:03,23.70,62.00
2024-11-06 22:21:08,23.70,63.00
2024-11-06 22:21:13,23.70,63.00
2024-11-06 22:21:18,23.70,62.00
2024-11-06 22:21:23,23.70,63.00
2024-11-06 22:21:28,23.70,62.00
2024-11-06 22:21:33,23.70,63.00
2024-11-06 22:21:38,23.70,62.00
2024-11-06 22:21:43,23.70,62.00
2024-11-06 22:21:48,23.70,63.00
2024-11-06 22:21:53,23.70,62.00
2024-11-06 22:21:58,23.70,62.00
2024-11-06 22:22:04,23.70,62.00
2024-11-06 22:22:08,23.70,62.00
2024-11-06 22:22:13,23.70,62.00
2024-11-06 22:22:18,23.70,62.00
2024-11-06 22:22:23,23.70,62.00
2024-11-06 22:22:28,23.70,62.00
2024-11-06 22:22:33,23.70,62.00
2024-11-06 22:22:38,23.70,62.00
2024-11-06 22:22:44,23.70,62.00
2024-11-06 22:22:49,23.70,62.00
2024-11-06 22:22:53,23.70,63.00
2024-11-06 22:22:58,23.70,63.00
2024-11-06 22:23:03,23.70,62.00
2024-11-06 22:23:08,23.70,62.00
2024-11-06 22:23:14,23.70,62.00
2024-11-06 22:23:19,23.70,62.00
2024-11-06 22:23:24,23.70,62.00
2024-11-06 22:23:29,23.70,62.00
2024-11-06 22:23:34,23.70,62.00
2024-11-06 22:23:39,23.70,62.00
2024-11-06 22:23:44,23.70,62.00
2024-11-06 22:23:49,23.70,63.00
2024-11-06 22:23:54,23.70,62.00
2024-11-06 22:23:59,23.70,62.00
2024-11-06 22:24:04,23.70,62.00
2024-11-06 22:25:00,23.70,62.00
2024-11-06 22:25:05,23.70,62.00
2024-11-06 22:25:10,23.70,62.00
2024-11-06 22:25:15,23.70,62.00
2024-11-06 22:25:20,23.70,62.00
2024-11-06 22:25:25,23.70,62.00
2024-11-06 22:25:30,23.70,62.00
2024-11-06 22:25:35,23.70,62.00
2024-11-06 22:25:40,23.70,62.00
2024-11-06 22:25:45,23.70,62.00
2024-11-06 22:25:50,23.70,62.00
2024-11-06 22:25:55,23.70,62.00
2024-11-06 22:26:00,23.70,62.00
:25:50,23.70,62.00
2024-11-06 22:25:55,23.70,62.00
2024-11-06 22:26:00,23.70,62.00
2024-11-06 22:27:09,23.70,62.00
2024-11-06 22:27:14,23.70,62.00
2024-11-06 22:27:19,23.70,62.00
2024-11-06 22:27:24,23.70,62.00
2024-11-06 22:27:29,23.70,62.00
2024-11-06 22:27:34,23.70,62.00
2024-11-06 22:27:39,23.70,62.00
2024-11-06 22:27:44,23.70,62.00
2024-11-06 22:27:49,23.70,62.00
2024-11-06 22:27:54,23.70,62.00
2024-11-06 22:27:59,23.70,62.00
2024-11-06 22:28:04,23.70,62.00
4,23.70,62.00
2024-11-06 22:28:09,23.70,62.00
2024-11-06 22:28:14,23.70,62.00
2024-11-06 22:28:19,23.70,62.00
2024-11-06 22:28:24,23.70,62.00
2024-11-06 22:28:30,23.70,62.00
2024-11-06 22:28:35,23.70,62.00
2024-11-06 22:28:40,23.70,62.00
2024-11-06 22:28:44,23.70,62.00
2024-11-06 22:28:49,23.70,62.00
2024-11-06 22:28:54,23.70,62.00
2024-11-06 22:28:59,23.70,62.00
2024-11-06 22:29:05,23.70,62.00
2024-11-06 22:29:10,23.70,62.00
2024-11-06 22:29:15,23.70,62.00
2024-11-06 22:29:20,23.70,62.00
2024-11-06 22:29:25,23.70,62.00
2024-11-06 22:29:30,24.20,63.00
2024-11-06 22:29:35,23.70,62.00
2024-11-06 22:29:40,23.70,62.00
2024-11-06 22:29:45,24.20,64.00
2024-11-06 22:29:50,23.73,63.00
2024-11-06 22:29:55,24.45,63.00
2024-11-06 22:30:00,24.39,64.00
2024-11-06 22:30:05,24.45,64.00
2024-11-06 22:30:10,24.46,63.00
2024-11-06 22:30:15,24.35,63.00
2024-11-06 22:30:20,23.85,62.00
2024-11-06 22:30:25,24.28,63.00
2024-11-06 22:30:30,24.28,63.00
2024-11-06 22:30:35,24.40,63.00
2024-11-06 22:30:40,24.45,63.00
2024-11-06 22:30:45,23.87,62.00
2024-11-06 22:30:50,24.48,63.00
2024-11-06 22:30:55,24.35,63.00
2024-11-06 22:31:00,24.35,63.00
2024-11-06 22:31:05,23.87,62.00
2024-11-06 22:31:10,23.82,62.00
2024-11-06 22:31:15,23.78,62.00
2024-11-06 22:31:20,23.73,62.00
2024-11-06 22:31:26,23.73,62.00
2024-11-06 22:31:31,23.76,62.00
2024-11-06 22:31:36,23.73,62.00
2024-11-06 22:31:41,23.70,62.00
2024-11-06 22:31:46,23.72,62.00
2024-11-06 22:31:51,23.70,63.00
2024-11-06 22:31:56,23.70,63.00
2024-11-06 22:32:01,23.70,63.00
2024-11-06 22:32:06,23.70,63.00
2024-11-06 22:32:11,23.70,63.00
2024-11-06 22:32:16,23.70,62.00
2024-11-06 22:32:21,23.70,62.00
2024-11-06 22:32:26,23.70,62.00
2024-11-06 22:32:31,23.70,63.00
2024-11-06 22:32:36,23.70,63.00
2024-11-06 22:32:41,23.70,62.00
2024-11-06 22:32:46,23.70,62.00
2024-11-06 22:32:51,23.70,62.00
2024-11-06 22:32:56,23.68,63.00
2024-11-06 22:33:01,23.68,63.00
2024-11-06 22:33:06,23.68,62.00
2024-11-06 22:33:11,23.70,62.00
2024-11-06 22:33:16,23.70,62.00
2024-11-06 22:33:21,23.70,63.00
2024-11-06 22:33:26,23.70,62.00
2024-11-06 22:33:31,23.70,63.00
2024-11-06 22:33:36,23.70,63.00
2024-11-06 22:33:41,23.70,63.00
2024-11-06 22:33:46,23.70,62.00
2024-11-06 22:33:51,23.70,62.00
2024-11-06 22:33:56,23.68,62.00
2024-11-06 22:34:01,23.70,62.00
2024-11-06 22:34:06,23.70,62.00
2024-11-06 22:34:11,23.70,63.00
2024-11-06 22:34:16,23.70,62.00
2024-11-06 22:34:21,23.70,62.00
2024-11-06 22:34:26,23.70,62.00
2024-11-06 22:34:31,23.70,62.00
2024-11-06 22:34:36,23.70,62.00
2024-11-06 22:34:41,23.70,62.00
2024-11-06 22:34:46,23.70,62.00
2024-11-06 22:34:51,23.70,62.00
2024-11-06 22:34:56,23.70,62.00
2024-11-06 22:35:01,23.70,62.00
2024-11-06 22:35:06,23.70,62.00
2024-11-06 22:35:11,23.70,62.00
2024-11-06 22:35:16,23.70,62.00
2024-11-06 22:35:21,23.70,62.00
2024-11-06 22:35:26,23.70,62.00
2024-11-06 22:35:31,23.70,62.00
2024-11-06 22:35:36,23.70,62.00
2024-11-06 22:35:41,23.70,63.00
2024-11-06 22:35:46,23.70,62.00
2024-11-06 22:35:51,23.70,63.00
2024-11-06 22:35:56,23.70,62.00
2024-11-06 22:36:01,23.70,62.00
2024-11-06 22:36:06,23.70,62.00
2024-11-06 22:36:11,23.70,62.00
2024-11-06 22:36:16,23.70,62.00
2024-11-06 22:36:21,23.70,62.00
2024-11-06 22:36:26,23.70,62.00
2024-11-06 22:36:31,23.70,63.00
2024-11-06 22:36:36,23.70,62.00
2024-11-06 22:36:41,23.70,62.00
2024-11-06 22:36:46,23.70,62.00
2024-11-06 22:36:51,23.70,62.00
2024-11-06 22:36:57,23.70,62.00
2024-11-06 22:37:02,23.70,62.00
